<?xml version="1.0" encoding="utf-8"?> <?xml-stylesheet type="text/xsl" href="http://www.sitecore.net/licenseviewer/license.xsl"?><signedlicense id="20171030110919"><Signature><SignedInfo xmlns="http://www.w3.org/2000/09/xmldsig#"><CanonicalizationMethod Algorithm="http://www.w3.org/TR/2001/REC-xml-c14n-20010315" /><SignatureMethod Algorithm="http://www.w3.org/2000/09/xmldsig#rsa-sha1" /><Reference URI="#SiteCore.License"><DigestMethod Algorithm="http://www.w3.org/2000/09/xmldsig#sha1" /><DigestValue>r+/zio8PQqIvEmIDHEIjohPPyZU=</DigestValue></Reference></SignedInfo><SignatureValue xmlns="http://www.w3.org/2000/09/xmldsig#">pmM6/5eu76Z9rGjTP4w4JE6PU65eYcEchJHdnoeun8xSqYtnMsAQvxrkLAlR3FMH9APuE+Jv0KsbtxSfAiJxbudZ5mZy+dCRSKawg5BOOR6uegyhYxrtA1naz37tMF44EzgJotaY7yBLVT1JXWA+9C+ZJcDHlOmAbuCTGpewN2Q=</SignatureValue><KeyInfo xmlns="http://www.w3.org/2000/09/xmldsig#"><KeyValue><RSAKeyValue><Modulus>wRSGFs73V0JMKVVRCX9pEVmluvNojvtDvzHduZ+pX458q9THGbti8zEty6ydF7nxVFCRriONFm6w+PtcZhRT+eXMb21jzY6biII4BXdh91BmVZ96FyYROMnHS6zjfK7+oDbsVV8XWkZ11DiHa+9wySxQcc4fBd23xGYpo52p2fc=</Modulus><Exponent>AQAB</Exponent></RSAKeyValue></KeyValue></KeyInfo><Object Id="SiteCore.License" xmlns="http://www.w3.org/2000/09/xmldsig#"><license xmlns=""><id>20171030110919</id><expiration>21000101T000000</expiration><version>9</version><urls>?</urls><licensee>WageWorks</licensee><companyno /><purpose /><address /><countryiso>US</countryiso><country>United States</country><reseller /><resellerurl /><licenseagreement id="{41192D07-0B58-4957-BEBB-C4BEEAC3878A}" title="License Agreement"><![CDATA[Your usage rights to the Sitecore Software are as set forth in your license agreement with Sitecore.]]></licenseagreement></license></Object></Signature><Signature><SignedInfo xmlns="http://www.w3.org/2000/09/xmldsig#"><CanonicalizationMethod Algorithm="http://www.w3.org/TR/2001/REC-xml-c14n-20010315" /><SignatureMethod Algorithm="http://www.w3.org/2000/09/xmldsig#rsa-sha1" /><Reference URI="#Sitecore.Automation"><DigestMethod Algorithm="http://www.w3.org/2000/09/xmldsig#sha1" /><DigestValue>4FxSoXmica6+SFP8xnlbZQWzhs8=</DigestValue></Reference></SignedInfo><SignatureValue xmlns="http://www.w3.org/2000/09/xmldsig#">SECf6o6HH/NrWo5yqw/p4lyIvI/KTRo1yifCfNGCiNIjhCIma37/v0iV/2IXGlmP0SvQRymMSNpcD0r8wEMxci1Ly0977oCpo/aweiCY0ici96ArMkx6eV0pHV1qiIVIguwAOdGwr4v1418R239a9oA338YxnpzxTul2KybGI8Q=</SignatureValue><KeyInfo xmlns="http://www.w3.org/2000/09/xmldsig#"><KeyValue><RSAKeyValue><Modulus>wRSGFs73V0JMKVVRCX9pEVmluvNojvtDvzHduZ+pX458q9THGbti8zEty6ydF7nxVFCRriONFm6w+PtcZhRT+eXMb21jzY6biII4BXdh91BmVZ96FyYROMnHS6zjfK7+oDbsVV8XWkZ11DiHa+9wySxQcc4fBd23xGYpo52p2fc=</Modulus><Exponent>AQAB</Exponent></RSAKeyValue></KeyValue></KeyInfo><Object Id="Sitecore.Automation" xmlns="http://www.w3.org/2000/09/xmldsig#"><module xmlns=""><idref>20171030110919</idref><name>Sitecore.Automation</name><count>2</count><expiration>21000101T000000</expiration><version>9</version><comment /><licenseagreement>?</licenseagreement></module></Object></Signature><Signature><SignedInfo xmlns="http://www.w3.org/2000/09/xmldsig#"><CanonicalizationMethod Algorithm="http://www.w3.org/TR/2001/REC-xml-c14n-20010315" /><SignatureMethod Algorithm="http://www.w3.org/2000/09/xmldsig#rsa-sha1" /><Reference URI="#Sitecore.Calendar"><DigestMethod Algorithm="http://www.w3.org/2000/09/xmldsig#sha1" /><DigestValue>0H8oLyCg8gQ4DKKghYpcMxjyBcI=</DigestValue></Reference></SignedInfo><SignatureValue xmlns="http://www.w3.org/2000/09/xmldsig#">skXU7gN2EVKN18RYMFr1nYfkb2y/thEId0IB8kT+dorYx+oRZmxHQYLjvO1lgonc+6g3fbPCpTTfM+/kvILbNx+KIm4QVybUt61qC7MLsp0DIoUj6WQj1/lsWB7oeedo03xcQasPGlU78B7ytH4Blmiq9faFzh0rMNGnGV+z6Uw=</SignatureValue><KeyInfo xmlns="http://www.w3.org/2000/09/xmldsig#"><KeyValue><RSAKeyValue><Modulus>wRSGFs73V0JMKVVRCX9pEVmluvNojvtDvzHduZ+pX458q9THGbti8zEty6ydF7nxVFCRriONFm6w+PtcZhRT+eXMb21jzY6biII4BXdh91BmVZ96FyYROMnHS6zjfK7+oDbsVV8XWkZ11DiHa+9wySxQcc4fBd23xGYpo52p2fc=</Modulus><Exponent>AQAB</Exponent></RSAKeyValue></KeyValue></KeyInfo><Object Id="Sitecore.Calendar" xmlns="http://www.w3.org/2000/09/xmldsig#"><module xmlns=""><idref>20171030110919</idref><name>Sitecore.Calendar</name><count>2</count><expiration>21000101T000000</expiration><version>9</version><comment /><licenseagreement>?</licenseagreement></module></Object></Signature><Signature><SignedInfo xmlns="http://www.w3.org/2000/09/xmldsig#"><CanonicalizationMethod Algorithm="http://www.w3.org/TR/2001/REC-xml-c14n-20010315" /><SignatureMethod Algorithm="http://www.w3.org/2000/09/xmldsig#rsa-sha1" /><Reference URI="#SiteCore.ContentManager"><DigestMethod Algorithm="http://www.w3.org/2000/09/xmldsig#sha1" /><DigestValue>XU61QI0G5GXo/E4jCCNXMheX974=</DigestValue></Reference></SignedInfo><SignatureValue xmlns="http://www.w3.org/2000/09/xmldsig#">dSpSmlqNpR2UFRd3QSSMt4TnCYrmbYVVZrJKqLxnGwvkdw0+prLKspaFJq3BtpqtF/9dS3X6Vqc4+C7aox6zU3W42xHnxl6dY7QAGb/iHoStY5k6cSnF/atoPsaCvs/868UJif+q4ygOvPTitir0UgpsUo6pGZUtc885aqb9Ehg=</SignatureValue><KeyInfo xmlns="http://www.w3.org/2000/09/xmldsig#"><KeyValue><RSAKeyValue><Modulus>wRSGFs73V0JMKVVRCX9pEVmluvNojvtDvzHduZ+pX458q9THGbti8zEty6ydF7nxVFCRriONFm6w+PtcZhRT+eXMb21jzY6biII4BXdh91BmVZ96FyYROMnHS6zjfK7+oDbsVV8XWkZ11DiHa+9wySxQcc4fBd23xGYpo52p2fc=</Modulus><Exponent>AQAB</Exponent></RSAKeyValue></KeyValue></KeyInfo><Object Id="SiteCore.ContentManager" xmlns="http://www.w3.org/2000/09/xmldsig#"><module xmlns=""><idref>20171030110919</idref><name>SiteCore.ContentManager</name><count>2</count><expiration>21000101T000000</expiration><version>9</version><comment /><licenseagreement>?</licenseagreement></module></Object></Signature><Signature><SignedInfo xmlns="http://www.w3.org/2000/09/xmldsig#"><CanonicalizationMethod Algorithm="http://www.w3.org/TR/2001/REC-xml-c14n-20010315" /><SignatureMethod Algorithm="http://www.w3.org/2000/09/xmldsig#rsa-sha1" /><Reference URI="#Sitecore.Environment"><DigestMethod Algorithm="http://www.w3.org/2000/09/xmldsig#sha1" /><DigestValue>8dyjbXFKdGB2iHxKFrq9QE1UbDA=</DigestValue></Reference></SignedInfo><SignatureValue xmlns="http://www.w3.org/2000/09/xmldsig#">wJw7qztiT7G1kJrmIpvehZW7nxSJDmJCPHpUC+dtnihR4rCbiWcyYGImw2LHdwdlpe5VjbIQsNZI9ujOesyRWzsPn9N5LE15xOdEiDT7Px/I2cXp1RcUwcEna7pl5trt+NhenKcnUyaRqKX7qaue4sstlijb0Hve+PqRnOQbIec=</SignatureValue><KeyInfo xmlns="http://www.w3.org/2000/09/xmldsig#"><KeyValue><RSAKeyValue><Modulus>wRSGFs73V0JMKVVRCX9pEVmluvNojvtDvzHduZ+pX458q9THGbti8zEty6ydF7nxVFCRriONFm6w+PtcZhRT+eXMb21jzY6biII4BXdh91BmVZ96FyYROMnHS6zjfK7+oDbsVV8XWkZ11DiHa+9wySxQcc4fBd23xGYpo52p2fc=</Modulus><Exponent>AQAB</Exponent></RSAKeyValue></KeyValue></KeyInfo><Object Id="Sitecore.Environment" xmlns="http://www.w3.org/2000/09/xmldsig#"><module xmlns=""><idref>20171030110919</idref><name>Sitecore.Environment</name><count>2</count><expiration>21000101T000000</expiration><version>9</version><comment /><licenseagreement>?</licenseagreement></module></Object></Signature><Signature><SignedInfo xmlns="http://www.w3.org/2000/09/xmldsig#"><CanonicalizationMethod Algorithm="http://www.w3.org/TR/2001/REC-xml-c14n-20010315" /><SignatureMethod Algorithm="http://www.w3.org/2000/09/xmldsig#rsa-sha1" /><Reference URI="#Sitecore.MSCRM"><DigestMethod Algorithm="http://www.w3.org/2000/09/xmldsig#sha1" /><DigestValue>z26s+eZfJVNjxVnNGU7hg1tdWSU=</DigestValue></Reference></SignedInfo><SignatureValue xmlns="http://www.w3.org/2000/09/xmldsig#">mVOCWAWb9NRSgdkWSgDRDvAmY9Be/LnLf7Uk6uKLdxfs+sAiJsyl7/1S2xZRlXSKuyaTYvC9l8o/D04TSRuxOYDNBuynTlk1RahGExqoVEH0w4q4DlwaLm9N0BtLpeEAYSMrTqAlqXR/Juqx8UudZJlSgO2oLe090ya4J5NO7UA=</SignatureValue><KeyInfo xmlns="http://www.w3.org/2000/09/xmldsig#"><KeyValue><RSAKeyValue><Modulus>wRSGFs73V0JMKVVRCX9pEVmluvNojvtDvzHduZ+pX458q9THGbti8zEty6ydF7nxVFCRriONFm6w+PtcZhRT+eXMb21jzY6biII4BXdh91BmVZ96FyYROMnHS6zjfK7+oDbsVV8XWkZ11DiHa+9wySxQcc4fBd23xGYpo52p2fc=</Modulus><Exponent>AQAB</Exponent></RSAKeyValue></KeyValue></KeyInfo><Object Id="Sitecore.MSCRM" xmlns="http://www.w3.org/2000/09/xmldsig#"><module xmlns=""><idref>20171030110919</idref><name>Sitecore.MSCRM</name><count>2</count><expiration>21000101T000000</expiration><version>9</version><comment /><licenseagreement>?</licenseagreement></module></Object></Signature><Signature><SignedInfo xmlns="http://www.w3.org/2000/09/xmldsig#"><CanonicalizationMethod Algorithm="http://www.w3.org/TR/2001/REC-xml-c14n-20010315" /><SignatureMethod Algorithm="http://www.w3.org/2000/09/xmldsig#rsa-sha1" /><Reference URI="#Sitecore.OMS"><DigestMethod Algorithm="http://www.w3.org/2000/09/xmldsig#sha1" /><DigestValue>gFeWjwcbVO8Z7zcuN0m6VvzUmhE=</DigestValue></Reference></SignedInfo><SignatureValue xmlns="http://www.w3.org/2000/09/xmldsig#">OoyxnD6J3DttCgTcaJE9UudXtaBRPnPiKGtWO2cOepcbzpSC9zhzDVe8aEzExv+O+pU/VFpAn7Y/Mj/wC18QFw0AUJHd9f92Ca6bwClz2THbh4HBFunpY+14h64O2tCv2NFQDfKuyN1MQzVPWuCgqEZhN+UK6MnTXa2g/vWdjTw=</SignatureValue><KeyInfo xmlns="http://www.w3.org/2000/09/xmldsig#"><KeyValue><RSAKeyValue><Modulus>wRSGFs73V0JMKVVRCX9pEVmluvNojvtDvzHduZ+pX458q9THGbti8zEty6ydF7nxVFCRriONFm6w+PtcZhRT+eXMb21jzY6biII4BXdh91BmVZ96FyYROMnHS6zjfK7+oDbsVV8XWkZ11DiHa+9wySxQcc4fBd23xGYpo52p2fc=</Modulus><Exponent>AQAB</Exponent></RSAKeyValue></KeyValue></KeyInfo><Object Id="Sitecore.OMS" xmlns="http://www.w3.org/2000/09/xmldsig#"><module xmlns=""><idref>20171030110919</idref><name>Sitecore.OMS</name><count>2</count><expiration>21000101T000000</expiration><version>9</version><comment /><licenseagreement>?</licenseagreement></module></Object></Signature><Signature><SignedInfo xmlns="http://www.w3.org/2000/09/xmldsig#"><CanonicalizationMethod Algorithm="http://www.w3.org/TR/2001/REC-xml-c14n-20010315" /><SignatureMethod Algorithm="http://www.w3.org/2000/09/xmldsig#rsa-sha1" /><Reference URI="#SiteCore.Runtime"><DigestMethod Algorithm="http://www.w3.org/2000/09/xmldsig#sha1" /><DigestValue>I4TR7KPqXI36rahmHxMAT0DCp9E=</DigestValue></Reference></SignedInfo><SignatureValue xmlns="http://www.w3.org/2000/09/xmldsig#">EyYFEPbX/aUxeOqL8tjrtBlvueuXUBZRrwnry1Rr5ec9XLFcKTypgPjnk2YIxN4XcFVIEoLhpWFtsXksWp4I7lTUeliysNsE3pTH08+oaC4pZVQy06fy7Xp9sv42XLkLG/0n+5WrVvNavSNnQat38ZUjBfA95XQY3YXt90MaasU=</SignatureValue><KeyInfo xmlns="http://www.w3.org/2000/09/xmldsig#"><KeyValue><RSAKeyValue><Modulus>wRSGFs73V0JMKVVRCX9pEVmluvNojvtDvzHduZ+pX458q9THGbti8zEty6ydF7nxVFCRriONFm6w+PtcZhRT+eXMb21jzY6biII4BXdh91BmVZ96FyYROMnHS6zjfK7+oDbsVV8XWkZ11DiHa+9wySxQcc4fBd23xGYpo52p2fc=</Modulus><Exponent>AQAB</Exponent></RSAKeyValue></KeyValue></KeyInfo><Object Id="SiteCore.Runtime" xmlns="http://www.w3.org/2000/09/xmldsig#"><module xmlns=""><idref>20171030110919</idref><name>SiteCore.Runtime</name><count>2</count><expiration>21000101T000000</expiration><version>9</version><comment /><licenseagreement>?</licenseagreement></module></Object></Signature><Signature><SignedInfo xmlns="http://www.w3.org/2000/09/xmldsig#"><CanonicalizationMethod Algorithm="http://www.w3.org/TR/2001/REC-xml-c14n-20010315" /><SignatureMethod Algorithm="http://www.w3.org/2000/09/xmldsig#rsa-sha1" /><Reference URI="#Sitecore.SEO"><DigestMethod Algorithm="http://www.w3.org/2000/09/xmldsig#sha1" /><DigestValue>ttUSZDv+hCISPktNbfLhU6/yL/M=</DigestValue></Reference></SignedInfo><SignatureValue xmlns="http://www.w3.org/2000/09/xmldsig#">gsYIiMlgll7Ud+68hHihDIH1sbBlUBw7qqYNIbIuPCMWqB8j+ENSMBfShAVqeK7fcBQlrYwiItBBTOFBfl/2EeRMiLuAWk6HhbSt6AyLWgAKpSMqAlBe7U2nIFCzYKMMMBDg1EHEM0DBhOvdCWWFx8Qnan0MVeYgEeKCi0bfnv0=</SignatureValue><KeyInfo xmlns="http://www.w3.org/2000/09/xmldsig#"><KeyValue><RSAKeyValue><Modulus>wRSGFs73V0JMKVVRCX9pEVmluvNojvtDvzHduZ+pX458q9THGbti8zEty6ydF7nxVFCRriONFm6w+PtcZhRT+eXMb21jzY6biII4BXdh91BmVZ96FyYROMnHS6zjfK7+oDbsVV8XWkZ11DiHa+9wySxQcc4fBd23xGYpo52p2fc=</Modulus><Exponent>AQAB</Exponent></RSAKeyValue></KeyValue></KeyInfo><Object Id="Sitecore.SEO" xmlns="http://www.w3.org/2000/09/xmldsig#"><module xmlns=""><idref>20171030110919</idref><name>Sitecore.SEO</name><count>2</count><expiration>21000101T000000</expiration><version>9</version><comment /><licenseagreement>?</licenseagreement></module></Object></Signature><Signature><SignedInfo xmlns="http://www.w3.org/2000/09/xmldsig#"><CanonicalizationMethod Algorithm="http://www.w3.org/TR/2001/REC-xml-c14n-20010315" /><SignatureMethod Algorithm="http://www.w3.org/2000/09/xmldsig#rsa-sha1" /><Reference URI="#Sitecore.Sharepoint"><DigestMethod Algorithm="http://www.w3.org/2000/09/xmldsig#sha1" /><DigestValue>C/2wij2qpR0lNJzgJ5CqxmknSEk=</DigestValue></Reference></SignedInfo><SignatureValue xmlns="http://www.w3.org/2000/09/xmldsig#">rfy29Ccqyt5JTXoloNzNbkI1nQmDzKKBCJSpbKEIac0e6DKyC2nr0EifT4wA67APY/+rkaDGFPjKPq77IiPUgwJJnbhHNQewsKxDQ1S8LJbXDhF6Q9O312xqDTampGKCXPwX9kDnXUSkUcU63xQZgl65RP/Y60OrVSxr5s4cPI0=</SignatureValue><KeyInfo xmlns="http://www.w3.org/2000/09/xmldsig#"><KeyValue><RSAKeyValue><Modulus>wRSGFs73V0JMKVVRCX9pEVmluvNojvtDvzHduZ+pX458q9THGbti8zEty6ydF7nxVFCRriONFm6w+PtcZhRT+eXMb21jzY6biII4BXdh91BmVZ96FyYROMnHS6zjfK7+oDbsVV8XWkZ11DiHa+9wySxQcc4fBd23xGYpo52p2fc=</Modulus><Exponent>AQAB</Exponent></RSAKeyValue></KeyValue></KeyInfo><Object Id="Sitecore.Sharepoint" xmlns="http://www.w3.org/2000/09/xmldsig#"><module xmlns=""><idref>20171030110919</idref><name>Sitecore.Sharepoint</name><count>2</count><expiration>21000101T000000</expiration><version>9</version><comment /><licenseagreement>?</licenseagreement></module></Object></Signature><Signature><SignedInfo xmlns="http://www.w3.org/2000/09/xmldsig#"><CanonicalizationMethod Algorithm="http://www.w3.org/TR/2001/REC-xml-c14n-20010315" /><SignatureMethod Algorithm="http://www.w3.org/2000/09/xmldsig#rsa-sha1" /><Reference URI="#SiteCore.SQLConnector"><DigestMethod Algorithm="http://www.w3.org/2000/09/xmldsig#sha1" /><DigestValue>MUU2LXznUftA99K4Pq/neAebWq0=</DigestValue></Reference></SignedInfo><SignatureValue xmlns="http://www.w3.org/2000/09/xmldsig#">Z1kLZWVSDGIqmmCo6QSdOCFQQcAHMhCFFzlO1owsr30ATOezTtNItbpepXN7F1H3VHwJLu6L3ThrVmwfKiFEL+ShGdpakWKnHNfw7vHo3/GjluP5RTIedh+hu7PfLk7/YSXifSf0fMYqFtfcoGeKWuwglNpm87o81/0yP6XeKjM=</SignatureValue><KeyInfo xmlns="http://www.w3.org/2000/09/xmldsig#"><KeyValue><RSAKeyValue><Modulus>wRSGFs73V0JMKVVRCX9pEVmluvNojvtDvzHduZ+pX458q9THGbti8zEty6ydF7nxVFCRriONFm6w+PtcZhRT+eXMb21jzY6biII4BXdh91BmVZ96FyYROMnHS6zjfK7+oDbsVV8XWkZ11DiHa+9wySxQcc4fBd23xGYpo52p2fc=</Modulus><Exponent>AQAB</Exponent></RSAKeyValue></KeyValue></KeyInfo><Object Id="SiteCore.SQLConnector" xmlns="http://www.w3.org/2000/09/xmldsig#"><module xmlns=""><idref>20171030110919</idref><name>SiteCore.SQLConnector</name><count>2</count><expiration>21000101T000000</expiration><version>9</version><comment /><licenseagreement>?</licenseagreement></module></Object></Signature><Signature><SignedInfo xmlns="http://www.w3.org/2000/09/xmldsig#"><CanonicalizationMethod Algorithm="http://www.w3.org/TR/2001/REC-xml-c14n-20010315" /><SignatureMethod Algorithm="http://www.w3.org/2000/09/xmldsig#rsa-sha1" /><Reference URI="#Sitecore.SXA"><DigestMethod Algorithm="http://www.w3.org/2000/09/xmldsig#sha1" /><DigestValue>rTqEMMjScJ4fQSkYeOWMWWVdbGI=</DigestValue></Reference></SignedInfo><SignatureValue xmlns="http://www.w3.org/2000/09/xmldsig#">a9jrW86hMKApLORkNNf3drdeyHP8oMvG8BGbzztiDklgOQGzvK+d2+PsmgLG9WWZNmjzw1bAqYHXgpSpAflt/fTeQ1A2kXUcs5M1qbHo1gLSY4+xpZdA6QpxTSeZZUpXa8eaH4kpHTcfI6BLkJ4EfKcOR527/FDAdCSjfZfT5Sc=</SignatureValue><KeyInfo xmlns="http://www.w3.org/2000/09/xmldsig#"><KeyValue><RSAKeyValue><Modulus>wRSGFs73V0JMKVVRCX9pEVmluvNojvtDvzHduZ+pX458q9THGbti8zEty6ydF7nxVFCRriONFm6w+PtcZhRT+eXMb21jzY6biII4BXdh91BmVZ96FyYROMnHS6zjfK7+oDbsVV8XWkZ11DiHa+9wySxQcc4fBd23xGYpo52p2fc=</Modulus><Exponent>AQAB</Exponent></RSAKeyValue></KeyValue></KeyInfo><Object Id="Sitecore.SXA" xmlns="http://www.w3.org/2000/09/xmldsig#"><module xmlns=""><idref>20171030110919</idref><name>Sitecore.SXA</name><count>3</count><expiration>21000101T000000</expiration><version>9</version><comment /><licenseagreement>?</licenseagreement></module></Object></Signature><Signature><SignedInfo xmlns="http://www.w3.org/2000/09/xmldsig#"><CanonicalizationMethod Algorithm="http://www.w3.org/TR/2001/REC-xml-c14n-20010315" /><SignatureMethod Algorithm="http://www.w3.org/2000/09/xmldsig#rsa-sha1" /><Reference URI="#Sitecore.WFFM"><DigestMethod Algorithm="http://www.w3.org/2000/09/xmldsig#sha1" /><DigestValue>E9S6BKUfyXvjDLFBU4mUZSWmWTg=</DigestValue></Reference></SignedInfo><SignatureValue xmlns="http://www.w3.org/2000/09/xmldsig#">PkRjDZCQ1Fs5rpO3R5C2MZWbMIOiukeuUHSmqIxxKF4ssBLsQcIZhNuyaMaHMGTxX7cPNR9b1qehgCEYG6kHyqSauwoLlZsdLNVc7nqfiTAFp3NM8arubZ5Zf1LMQLTIZ/sfxBp5j5gxvEnCKCdZXp2cmCB6IveW9SAe/UtH/d4=</SignatureValue><KeyInfo xmlns="http://www.w3.org/2000/09/xmldsig#"><KeyValue><RSAKeyValue><Modulus>wRSGFs73V0JMKVVRCX9pEVmluvNojvtDvzHduZ+pX458q9THGbti8zEty6ydF7nxVFCRriONFm6w+PtcZhRT+eXMb21jzY6biII4BXdh91BmVZ96FyYROMnHS6zjfK7+oDbsVV8XWkZ11DiHa+9wySxQcc4fBd23xGYpo52p2fc=</Modulus><Exponent>AQAB</Exponent></RSAKeyValue></KeyValue></KeyInfo><Object Id="Sitecore.WFFM" xmlns="http://www.w3.org/2000/09/xmldsig#"><module xmlns=""><idref>20171030110919</idref><name>Sitecore.WFFM</name><count>2</count><expiration>21000101T000000</expiration><version>9</version><comment /><licenseagreement>?</licenseagreement></module></Object></Signature><Signature><SignedInfo xmlns="http://www.w3.org/2000/09/xmldsig#"><CanonicalizationMethod Algorithm="http://www.w3.org/TR/2001/REC-xml-c14n-20010315" /><SignatureMethod Algorithm="http://www.w3.org/2000/09/xmldsig#rsa-sha1" /><Reference URI="#Sitecore.xDB.Base"><DigestMethod Algorithm="http://www.w3.org/2000/09/xmldsig#sha1" /><DigestValue>2p5k/NSVWLqfP4MRwem6XmJ4CnM=</DigestValue></Reference></SignedInfo><SignatureValue xmlns="http://www.w3.org/2000/09/xmldsig#">f07QiRYHyIQy2OBBdDjN7e/eU8l/eEHHM7lAu8qaV5Y20iSZq8qKh1t+d1C0zAvRpR9szLJtciAyV7dygBESoH+HrQlFpk3wWcUZhdTGHzMSv53u7OT+Auf+/WQxSUHAlwptlXSc6iOPNRWgosE33z8kX6wtUJfbTaT5Jm4HxGs=</SignatureValue><KeyInfo xmlns="http://www.w3.org/2000/09/xmldsig#"><KeyValue><RSAKeyValue><Modulus>wRSGFs73V0JMKVVRCX9pEVmluvNojvtDvzHduZ+pX458q9THGbti8zEty6ydF7nxVFCRriONFm6w+PtcZhRT+eXMb21jzY6biII4BXdh91BmVZ96FyYROMnHS6zjfK7+oDbsVV8XWkZ11DiHa+9wySxQcc4fBd23xGYpo52p2fc=</Modulus><Exponent>AQAB</Exponent></RSAKeyValue></KeyValue></KeyInfo><Object Id="Sitecore.xDB.Base" xmlns="http://www.w3.org/2000/09/xmldsig#"><module xmlns=""><idref>20171030110919</idref><name>Sitecore.xDB.Base</name><count>2</count><expiration>21000101T000000</expiration><version>9</version><comment /><licenseagreement>?</licenseagreement></module></Object></Signature><Signature><SignedInfo xmlns="http://www.w3.org/2000/09/xmldsig#"><CanonicalizationMethod Algorithm="http://www.w3.org/TR/2001/REC-xml-c14n-20010315" /><SignatureMethod Algorithm="http://www.w3.org/2000/09/xmldsig#rsa-sha1" /><Reference URI="#Sitecore.XP"><DigestMethod Algorithm="http://www.w3.org/2000/09/xmldsig#sha1" /><DigestValue>zbWkHxkHixEszQzMBMGdau4yS+8=</DigestValue></Reference></SignedInfo><SignatureValue xmlns="http://www.w3.org/2000/09/xmldsig#">unFdTSg0pOLz3pCPmi36GZaVn8lvTJS5eRsoXUPD59lPMfA9rVGkNNdRYCbqBfZifQk9hVH3iZlC/yHkd/Uyul5C270JifAR7V0TefPUNAQ7bsiKNzRHTVFF65OlBxIIdPYA265zZwN1UKK1VrxIXHaAYe7XXZbNmDVDKk8PpAo=</SignatureValue><KeyInfo xmlns="http://www.w3.org/2000/09/xmldsig#"><KeyValue><RSAKeyValue><Modulus>wRSGFs73V0JMKVVRCX9pEVmluvNojvtDvzHduZ+pX458q9THGbti8zEty6ydF7nxVFCRriONFm6w+PtcZhRT+eXMb21jzY6biII4BXdh91BmVZ96FyYROMnHS6zjfK7+oDbsVV8XWkZ11DiHa+9wySxQcc4fBd23xGYpo52p2fc=</Modulus><Exponent>AQAB</Exponent></RSAKeyValue></KeyValue></KeyInfo><Object Id="Sitecore.XP" xmlns="http://www.w3.org/2000/09/xmldsig#"><module xmlns=""><idref>20171030110919</idref><name>Sitecore.XP</name><count>2</count><expiration>21000101T000000</expiration><version>9</version><comment /><licenseagreement>?</licenseagreement></module></Object></Signature><Signature><SignedInfo xmlns="http://www.w3.org/2000/09/xmldsig#"><CanonicalizationMethod Algorithm="http://www.w3.org/TR/2001/REC-xml-c14n-20010315" /><SignatureMethod Algorithm="http://www.w3.org/2000/09/xmldsig#rsa-sha1" /><Reference URI="#Sitecore.Visit"><DigestMethod Algorithm="http://www.w3.org/2000/09/xmldsig#sha1" /><DigestValue>L3binYB7PCRLOgF3OuS/Urac7VM=</DigestValue></Reference></SignedInfo><SignatureValue xmlns="http://www.w3.org/2000/09/xmldsig#">DzDeXnNgnFyWn/k2c3iobAdMv2W04RvtPStCEjS+EaUcaRAZN7DNs6+0KWbf0ObTLUimwKNM+RAuFCN7jiBMFUoKvgPE9YTi31xKy7OBw2yP8938qjvOcVoxOI0CrCBBjLq2lo/SHq02ulWHHxXYBDF1VTqPzFkV+RE/R5Pzdaw=</SignatureValue><KeyInfo xmlns="http://www.w3.org/2000/09/xmldsig#"><KeyValue><RSAKeyValue><Modulus>wRSGFs73V0JMKVVRCX9pEVmluvNojvtDvzHduZ+pX458q9THGbti8zEty6ydF7nxVFCRriONFm6w+PtcZhRT+eXMb21jzY6biII4BXdh91BmVZ96FyYROMnHS6zjfK7+oDbsVV8XWkZ11DiHa+9wySxQcc4fBd23xGYpo52p2fc=</Modulus><Exponent>AQAB</Exponent></RSAKeyValue></KeyValue></KeyInfo><Object Id="Sitecore.Visit" xmlns="http://www.w3.org/2000/09/xmldsig#"><module xmlns=""><idref>20171030110919</idref><name>Sitecore.Visit</name><count>1000000</count><expiration>21000101T000000</expiration><version>9</version><comment /><licenseagreement>?</licenseagreement></module></Object></Signature><Signature><SignedInfo xmlns="http://www.w3.org/2000/09/xmldsig#"><CanonicalizationMethod Algorithm="http://www.w3.org/TR/2001/REC-xml-c14n-20010315" /><SignatureMethod Algorithm="http://www.w3.org/2000/09/xmldsig#rsa-sha1" /><Reference URI="#SiteCore.EditorUser"><DigestMethod Algorithm="http://www.w3.org/2000/09/xmldsig#sha1" /><DigestValue>CSQQhuZYn1aDweDMSbu7cEjMRLE=</DigestValue></Reference></SignedInfo><SignatureValue xmlns="http://www.w3.org/2000/09/xmldsig#">BC5a0y81bJHT/iWGlsTZGs43tdAe81VyQtBXAAc1udMU/ALjRlH6zCjPak4Nbr+yXxk9VCyNXkDGBTjdI6SC5IyV4jjQrCkaOHS9LxVjK0k8OYt71/2J0K9bkSELvfFlMCU8ifez9LgsdAPklnADVIiKF+QLOTTgFdAjM/53IOA=</SignatureValue><KeyInfo xmlns="http://www.w3.org/2000/09/xmldsig#"><KeyValue><RSAKeyValue><Modulus>wRSGFs73V0JMKVVRCX9pEVmluvNojvtDvzHduZ+pX458q9THGbti8zEty6ydF7nxVFCRriONFm6w+PtcZhRT+eXMb21jzY6biII4BXdh91BmVZ96FyYROMnHS6zjfK7+oDbsVV8XWkZ11DiHa+9wySxQcc4fBd23xGYpo52p2fc=</Modulus><Exponent>AQAB</Exponent></RSAKeyValue></KeyValue></KeyInfo><Object Id="SiteCore.EditorUser" xmlns="http://www.w3.org/2000/09/xmldsig#"><module xmlns=""><idref>20171030110919</idref><name>SiteCore.EditorUser</name><count>10</count><expiration>21000101T000000</expiration><version>9</version><comment /><licenseagreement>?</licenseagreement></module></Object></Signature><Signature><SignedInfo xmlns="http://www.w3.org/2000/09/xmldsig#"><CanonicalizationMethod Algorithm="http://www.w3.org/TR/2001/REC-xml-c14n-20010315" /><SignatureMethod Algorithm="http://www.w3.org/2000/09/xmldsig#rsa-sha1" /><Reference URI="#Sitecore.Env.NonProd"><DigestMethod Algorithm="http://www.w3.org/2000/09/xmldsig#sha1" /><DigestValue>ZDh520yu2m34U627S2bCUuUeylo=</DigestValue></Reference></SignedInfo><SignatureValue xmlns="http://www.w3.org/2000/09/xmldsig#">V/It6p3IOFu4YkM3LLpU0EE3OljKKHDzQNQj1qW7haJ2/ewHq3/0IDE7q5MXa/T1mjALGaefRZsQ7dxdJ0BlLTWyo/6vGtFIjvC1vME13PW8nkXTi+Ozzme3w7o+gQxZ9STMVtOn9KFqJ4keOjALOTrDyz4Rnd0CRHg/T812imU=</SignatureValue><KeyInfo xmlns="http://www.w3.org/2000/09/xmldsig#"><KeyValue><RSAKeyValue><Modulus>wRSGFs73V0JMKVVRCX9pEVmluvNojvtDvzHduZ+pX458q9THGbti8zEty6ydF7nxVFCRriONFm6w+PtcZhRT+eXMb21jzY6biII4BXdh91BmVZ96FyYROMnHS6zjfK7+oDbsVV8XWkZ11DiHa+9wySxQcc4fBd23xGYpo52p2fc=</Modulus><Exponent>AQAB</Exponent></RSAKeyValue></KeyValue></KeyInfo><Object Id="Sitecore.Env.NonProd" xmlns="http://www.w3.org/2000/09/xmldsig#"><module xmlns=""><idref>20171030110919</idref><name>Sitecore.Env.NonProd</name><count>4</count><expiration>21000101T000000</expiration><version>9</version><comment /><licenseagreement>?</licenseagreement></module></Object></Signature></signedlicense>